{
  "__comment": "Created by Droobledore of Potterworld. Used with permission in NathanWolf's Magic plugin.",
  "display": {
    "gui": {
      "scale": [0.7, 0.7, 0.7],
      "translation": [0, 0, 0],
      "rotation": [58, 74, 6]
    },
    "firstperson_lefthand": {
      "scale": [0.65, 0.65, 0.65],
      "translation": [2.27, 0, 0],
      "rotation": [16, -90, -45]
    },
    "firstperson_righthand": {
      "scale": [0.65, 0.65, 0.65],
      "translation": [2.27, 0, 0],
      "rotation": [16, 90, 45]
    },
    "fixed": {
      "scale": [1, 1, 1],
      "translation": [0, 0, -0.57],
      "rotation": [0, -90, 90]
    },
    "ground": {
      "scale": [0.5, 0.5, 0.5],
      "translation": [0, 0, 0],
      "rotation": [0, 0, 20]
    },
    "head": {
      "scale": [0.8, 0.8, 0.8],
      "translation": [0, 7.18, 0],
      "rotation": [0, 90, 0]
    },
    "thirdperson_lefthand": {
      "scale": [0.4, 0.4, 0.4],
      "translation": [0, 0.94, 1.7],
      "rotation": [-4, 58, 6]
    },
    "thirdperson_righthand": {
      "scale": [0.4, 0.4, 0.4],
      "translation": [0, 0.94, 1.7],
      "rotation": [-4, 58, 6]
    }
  },
  "elements": [
    {
      "faces": {
        "east": {
          "texture": "#daylight_detector_bottom",
          "uv": [0.0010000000474974513, 7.750999927520752, 15.99899959564209, 8.24899959564209]
        },
        "west": {
          "texture": "#daylight_detector_bottom",
          "uv": [0.0010000000474974513, 7.750999927520752, 15.99899959564209, 8.24899959564209]
        },
        "south": {
          "texture": "#daylight_detector_bottom",
          "uv": [0.5009999871253967, 7.750999927520752, 15.49899959564209, 8.24899959564209]
        },
        "north": {
          "texture": "#daylight_detector_bottom",
          "uv": [0.5009999871253967, 7.750999927520752, 15.49899959564209, 8.24899959564209]
        },
        "up": {
          "texture": "#daylight_detector_bottom",
          "uv": [0.0010000000474974513, 0.0010000000474974513, 15.99899959564209, 15.99899959564209]
        },
        "down": {
          "texture": "#daylight_detector_bottom",
          "uv": [15.999, 15.999, 0.001, 0.001]
        }
      },
      "to": [15.5, 8.25, 16],
      "from": [0.5, 7.75, 0],
      "__comment": "back"
    }, {
      "faces": {
        "east": {
          "texture": "#texture",
          "uv": [7.000999927520752, 8.25100040435791, 8.99899959564209, 8.74899959564209]
        },
        "west": {
          "texture": "#texture",
          "uv": [7.000999927520752, 8.25100040435791, 8.99899959564209, 8.74899959564209]
        },
        "south": {
          "texture": "#texture",
          "uv": [0.5009999871253967, 8.25100040435791, 15.49899959564209, 8.74899959564209]
        },
        "north": {
          "texture": "#texture",
          "uv": [0.5009999871253967, 8.25100040435791, 15.49899959564209, 8.74899959564209]
        },
        "up": {
          "texture": "#texture",
          "uv": [0.5009999871253967, 7.000999927520752, 15.49899959564209, 8.99899959564209]
        },
        "down": {
          "texture": "#texture",
          "uv": [15.499, 8.999, 0.501, 7.001]
        }
      },
      "to": [15.5, 7.75, 9],
      "from": [0.5, 7.25, 7],
      "__comment": "binding"
    }, {
      "faces": {
        "east": {
          "texture": "#texture",
          "uv": [0.7509999871253967, 7.500999927520752, 15.24899959564209, 7.749000072479248]
        },
        "west": {
          "texture": "#texture",
          "uv": [0.7509999871253967, 7.500999927520752, 15.24899959564209, 7.749000072479248]
        },
        "south": {
          "texture": "#texture",
          "uv": [1.250999927520752, 7.500999927520752, 14.74899959564209, 7.749000072479248]
        },
        "north": {
          "texture": "#texture",
          "uv": [1.250999927520752, 7.500999927520752, 14.74899959564209, 7.749000072479248]
        },
        "up": {
          "texture": "#texture",
          "uv": [1.250999927520752, 0.7509999871253967, 14.74899959564209, 15.24899959564209]
        },
        "down": {
          "texture": "#texture",
          "uv": [14.749, 15.249, 1.251, 0.751]
        }
      },
      "to": [14.75, 8.5, 15.25],
      "from": [1.25, 8.25, 0.75],
      "__comment": "Book"
    }, {
      "faces": {
        "east": {
          "texture": "#texture",
          "uv": [8.25100040435791, 7.250999927520752, 15.24899959564209, 7.499000072479248]
        },
        "west": {
          "texture": "#texture",
          "uv": [0.7509999871253967, 7.250999927520752, 7.749000072479248, 7.499000072479248]
        },
        "south": {
          "texture": "#texture",
          "uv": [1.250999927520752, 7.250999927520752, 14.74899959564209, 7.499000072479248]
        },
        "north": {
          "texture": "#texture",
          "uv": [1.250999927520752, 7.250999927520752, 14.74899959564209, 7.499000072479248]
        },
        "up": {
          "texture": "#texture",
          "uv": [1.250999927520752, 0.7509999871253967, 14.74899959564209, 7.749000072479248]
        },
        "down": {
          "texture": "#texture",
          "uv": [14.749, 7.749, 1.251, 0.751]
        }
      },
      "to": [14.75, 8.75, 7.75],
      "from": [1.25, 8.5, 0.75],
      "__comment": "Book"
    }, {
      "faces": {
        "east": {
          "texture": "#texture",
          "uv": [8.75100040435791, 7.000999927520752, 14.99899959564209, 7.249000072479248]
        },
        "west": {
          "texture": "#texture",
          "uv": [1.0010000467300415, 7.000999927520752, 7.249000072479248, 7.249000072479248]
        },
        "south": {
          "texture": "#texture",
          "uv": [1.250999927520752, 7.000999927520752, 14.74899959564209, 7.249000072479248]
        },
        "north": {
          "texture": "#texture",
          "uv": [1.250999927520752, 7.000999927520752, 14.74899959564209, 7.249000072479248]
        },
        "up": {
          "texture": "#texture",
          "uv": [1.250999927520752, 1.0010000467300415, 14.74899959564209, 7.249000072479248]
        },
        "down": {
          "texture": "#texture",
          "uv": [14.749, 7.249, 1.251, 1.001]
        }
      },
      "to": [14.75, 9, 7.25],
      "from": [1.25, 8.75, 1],
      "__comment": "Book"
    }, {
      "faces": {
        "east": {
          "texture": "#texture",
          "uv": [9.00100040435791, 6.750999927520752, 14.24899959564209, 6.999000072479248]
        },
        "west": {
          "texture": "#texture",
          "uv": [1.750999927520752, 6.750999927520752, 6.999000072479248, 6.999000072479248]
        },
        "south": {
          "texture": "#texture",
          "uv": [1.250999927520752, 6.750999927520752, 14.74899959564209, 6.999000072479248]
        },
        "north": {
          "texture": "#texture",
          "uv": [1.250999927520752, 6.750999927520752, 14.74899959564209, 6.999000072479248]
        },
        "up": {
          "texture": "#texture",
          "uv": [1.250999927520752, 1.750999927520752, 14.74899959564209, 6.999000072479248]
        },
        "down": {
          "texture": "#texture",
          "uv": [14.749, 6.999, 1.251, 1.751]
        }
      },
      "to": [14.75, 9.25, 7],
      "from": [1.25, 9, 1.75],
      "__comment": "Book"
    }, {
      "faces": {
        "east": {
          "texture": "#texture",
          "uv": [0.7509999871253967, 7.250999927520752, 7.749000072479248, 7.499000072479248]
        },
        "west": {
          "texture": "#texture",
          "uv": [8.25100040435791, 7.250999927520752, 15.24899959564209, 7.499000072479248]
        },
        "south": {
          "texture": "#texture",
          "uv": [1.250999927520752, 7.250999927520752, 14.74899959564209, 7.499000072479248]
        },
        "north": {
          "texture": "#texture",
          "uv": [1.250999927520752, 7.250999927520752, 14.74899959564209, 7.499000072479248]
        },